age,class_of_worker,detailed_industry_recode,detailed_occupation_recode,education,wage_per_hour,enroll_in_edu_inst_last_wk,marital_stat,major_industry_code,major_occupation_code,race,hispanic_origin,sex,member_of_a_labor_union,reason_for_unemployment,full_or_part_time_employment_stat,capital_gains,capital_losses,dividends_from_stocks,tax_filer_stat,region_of_previous_residence,state_of_previous_residence,detailed_household_and_family_stat,detailed_household_summary_in_household,instance_weight,migration_code-change_in_msa,migration_code-change_in_reg,migration_code-move_within_reg,live_in_this_house_1_year_ago,migration_prev_res_in_sunbelt,num_persons_worked_for_employer,family_members_under_18,country_of_birth_father,country_of_birth_mother,country_of_birth_self,citizenship,own_business_or_self_employed,fill_inc_questionnaire_for_veteran's_admin,veterans_benefits,weeks_worked_in_year,year,income
73,-3,0,0,10,0,-3,6,1,-3,5,5,1,-3,-3,4,0,0,0,1,-3,-3,31,2,1700.09,-3,-3,-3,1,-3,0,-3,2,2,2,1,1,-3,3,0,2,1
58,4,4,34,11,0,-3,5,15,9,5,5,2,-3,-3,1,0,0,0,5,2,16,11,5,1053.55,3,3,3,3,2,1,-3,2,2,2,1,1,-3,3,52,1,1
18,-3,0,0,7,0,1,1,1,-3,3,5,1,-3,-3,4,0,0,0,1,-3,-3,23,8,991.95,-3,-3,-3,1,-3,0,-3,24,24,24,2,1,-3,3,0,2,1
9,-3,0,0,1,0,-3,1,1,-3,5,5,1,-3,-3,1,0,0,0,1,-3,-3,1,1,1758.14,2,2,2,2,-3,0,1,2,2,2,1,1,-3,1,0,1,1
10,-3,0,0,1,0,-3,1,1,-3,5,5,1,-3,-3,1,0,0,0,1,-3,-3,1,1,1069.16,2,2,2,2,-3,0,1,2,2,2,1,1,-3,1,0,1,1
48,3,40,10,11,1200,-3,2,2,2,2,5,1,1,-3,2,0,0,0,3,-3,-3,10,4,162.61,-3,-3,-3,1,-3,1,-3,12,2,2,1,3,-3,3,52,2,1
42,3,34,3,14,0,-3,2,11,13,5,5,2,-3,-3,1,5178,0,0,3,-3,-3,11,5,1535.86,2,2,2,2,-3,6,-3,2,2,2,1,1,-3,3,52,1,1
28,3,4,40,10,0,-3,1,15,8,5,5,1,-3,2,5,0,0,0,4,-3,-3,6,3,898.83,-3,-3,-3,1,-3,4,-3,2,2,2,1,1,-3,3,30,2,1
47,7,43,26,11,876,-3,2,5,6,5,5,1,1,-3,2,0,0,0,3,-3,-3,10,4,1661.53,-3,-3,-3,1,-3,5,-3,2,2,2,1,1,-3,3,52,2,1
34,3,4,37,11,0,-3,2,15,11,5,5,2,-3,-3,1,0,0,0,3,-3,-3,11,5,1146.79,2,2,2,2,-3,6,-3,2,2,2,1,1,-3,3,52,1,1
8,-3,0,0,1,0,-3,1,1,-3,5,5,1,-3,-3,1,0,0,0,1,-3,-3,1,1,2466.24,2,2,2,2,-3,0,1,2,2,2,1,1,-3,1,0,1,1
32,-3,0,0,10,0,-3,1,1,-3,4,5,1,-3,-3,4,0,0,0,1,-3,-3,26,2,2021.27,-3,-3,-3,1,-3,0,-3,-3,-3,-3,2,1,-3,3,0,2,1
51,3,4,34,11,0,-3,2,15,9,5,9,2,-3,-3,1,0,0,0,3,-3,-3,11,5,2441.22,2,2,2,2,-3,3,-3,2,2,2,1,1,-3,3,52,1,1
46,3,37,31,10,0,-3,5,13,3,5,4,1,-3,-3,1,0,1590,0,4,-3,-3,11,5,978.16,2,2,2,2,-3,6,-3,14,14,14,2,1,-3,3,52,1,1
26,3,24,12,14,0,-3,1,8,2,5,5,1,-3,-3,2,0,0,0,4,-3,-3,18,5,2604.91,-3,-3,-3,1,-3,6,-3,2,2,2,1,1,-3,3,52,2,1
13,-3,0,0,1,0,-3,1,1,-3,4,5,1,-3,-3,1,0,0,0,1,-3,-3,1,1,1520.08,2,2,2,2,-3,0,1,2,2,2,1,1,-3,1,0,1,1
47,3,39,36,14,0,-3,1,14,11,5,5,1,-3,-3,2,0,0,0,4,-3,-3,18,5,404.9,-3,-3,-3,1,-3,6,-3,20,2,2,1,1,-3,3,52,2,1
39,-3,0,0,7,0,-3,2,1,-3,5,1,1,-3,-3,1,0,0,0,3,-3,-3,10,4,1274.04,2,2,2,2,-3,0,-3,1,1,1,2,1,-3,3,0,1,1
16,-3,0,0,7,0,1,1,1,-3,5,2,1,-3,-3,4,0,0,0,1,-3,-3,1,1,1555.29,-3,-3,-3,1,-3,0,1,2,15,2,1,1,-3,3,0,2,1
35,3,12,41,10,0,-3,2,7,8,5,5,2,-3,-3,2,0,0,6000,3,-3,-3,11,5,1790.75,-3,-3,-3,1,-3,4,-3,2,2,2,1,1,-3,3,49,2,1
12,-3,0,0,1,0,-3,1,1,-3,1,2,2,-3,-3,1,0,0,0,1,2,2,1,1,455.02,3,7,8,3,2,0,1,2,2,2,1,1,-3,1,0,1,1
27,4,4,34,11,0,-3,2,15,9,5,5,2,-3,-3,1,0,0,0,3,-3,-3,11,5,1004.69,2,2,2,2,-3,6,-3,2,2,2,1,2,-3,3,52,1,1
56,3,35,22,11,500,-3,2,11,6,5,5,1,1,-3,2,0,0,0,3,-3,-3,10,4,1500.08,-3,-3,-3,1,-3,2,-3,2,2,2,1,3,-3,3,32,2,1
46,3,45,12,16,0,-3,2,17,2,5,5,2,-3,-3,1,0,1977,100,3,-3,-3,11,5,999.46,2,2,2,2,-3,1,-3,2,2,2,1,1,-3,3,52,1,1
55,-3,0,0,11,0,-3,2,1,-3,3,5,1,-3,-3,1,0,0,0,3,-3,-3,11,5,1483.69,2,2,2,2,-3,0,-3,16,2,2,1,1,-3,3,0,1,1
2,-3,0,0,1,0,-3,1,1,-3,5,5,2,-3,-3,1,0,0,0,1,-3,-3,1,1,1660.53,2,2,2,2,-3,0,1,2,2,2,1,1,-3,1,0,1,1
1,-3,0,0,1,0,-3,1,1,-3,1,4,1,-3,-3,1,0,0,0,1,3,3,1,1,848.25,3,4,4,3,1,0,3,-3,-3,2,1,1,-3,1,0,1,1
37,3,3,34,11,0,-3,2,20,9,5,5,2,-3,-3,2,0,0,0,3,-3,-3,10,4,2671.99,-3,-3,-3,1,-3,3,-3,2,2,2,1,1,-3,3,52,2,1
4,-3,0,0,1,0,-3,1,1,-3,5,5,1,-3,-3,1,0,0,0,1,-3,-3,1,1,1188.42,-3,-3,-3,1,-3,0,1,2,2,2,1,1,-3,1,0,2,1
37,3,4,2,14,0,-3,1,15,13,5,5,2,-3,-3,1,0,1669,700,4,-3,-3,6,3,1331.35,2,2,2,2,-3,6,-3,2,2,2,1,1,-3,3,52,1,1
63,3,19,35,2,0,-3,2,8,9,1,1,2,-3,2,5,0,0,0,3,-3,-3,11,5,711.15,-3,-3,-3,1,-3,6,-3,1,1,1,2,1,-3,3,15,2,1
34,8,29,25,11,0,-3,2,18,6,5,5,1,-3,-3,3,0,0,0,3,-3,-3,10,4,1578.65,-3,-3,-3,1,-3,6,-3,2,2,2,1,1,-3,3,52,2,1
46,4,4,34,11,0,-3,2,15,9,5,5,2,-3,-3,1,0,0,0,3,-3,-3,11,5,1629.02,2,2,2,2,-3,1,-3,2,2,2,1,1,-3,3,52,1,1
25,3,45,23,10,0,-3,1,17,6,5,5,1,-3,-3,1,0,0,0,4,-3,-3,23,8,1998.03,2,2,2,2,-3,1,-3,2,2,2,1,1,-3,3,52,1,1
81,-3,0,0,14,0,-3,6,1,-3,5,5,1,-3,-3,1,991,0,0,4,-3,-3,18,5,463.55,2,2,2,2,-3,0,-3,-3,2,2,1,1,-3,3,0,1,1
46,3,32,42,10,0,-3,4,9,8,5,4,1,-3,-3,1,0,0,0,4,-3,-3,11,5,2492.74,2,2,2,2,-3,3,-3,9,9,9,2,1,-3,3,52,1,1
39,3,34,2,14,0,-3,2,11,13,5,5,2,-3,-3,1,0,0,1000,3,-3,-3,11,5,980.1,2,2,2,2,-3,6,-3,2,2,2,1,1,-3,3,52,1,1
42,8,48,8,13,0,-3,2,6,2,5,5,2,-3,-3,6,0,0,49,3,-3,-3,11,5,1539.4,-3,-3,-3,1,-3,6,-3,2,2,2,1,1,-3,3,52,2,1
2,-3,0,0,1,0,-3,1,1,-3,4,5,2,-3,-3,1,0,0,0,1,-3,-3,5,2,2621.94,-3,-3,-3,1,-3,0,2,2,2,2,1,1,-3,1,0,2,1
11,-3,0,0,1,0,-3,1,1,-3,5,2,1,-3,-3,1,0,0,0,1,-3,-3,1,1,498.25,2,2,2,2,-3,0,3,1,1,2,1,1,-3,1,0,1,1
30,-3,0,0,10,0,-3,1,1,-3,4,5,1,-3,-3,1,0,0,0,1,5,29,11,5,1773.08,3,3,3,3,1,0,-3,2,2,2,1,1,-3,3,0,1,1
7,-3,0,0,1,0,-3,1,1,-3,5,6,2,-3,-3,1,0,0,0,1,-3,-3,1,1,885.84,2,2,2,2,-3,0,1,4,3,2,1,1,-3,1,0,1,1
66,4,33,19,5,0,-3,2,10,5,5,5,1,-3,-3,1,0,0,0,6,-3,-3,10,4,4183.26,2,2,2,2,-3,1,-3,2,2,2,1,1,-3,3,38,1,1
26,-3,0,0,10,0,-3,2,1,-3,5,2,1,-3,-3,1,0,0,0,3,-3,-3,10,4,1040.15,2,2,2,2,-3,0,-3,1,1,1,2,1,-3,3,0,1,1
84,-3,0,0,10,0,-3,2,1,-3,5,5,1,-3,-3,4,0,0,0,6,-3,-3,10,4,3494.72,-3,-3,-3,1,-3,0,-3,2,2,2,1,1,-3,3,0,2,1
32,3,33,29,10,0,-3,1,10,3,5,5,1,-3,-3,2,0,0,59,5,-3,-3,11,5,1130.25,-3,-3,-3,1,-3,6,-3,2,2,2,1,1,-3,3,52,2,1
52,-3,0,0,10,0,-3,2,1,-3,5,5,1,-3,-3,1,0,0,0,3,-3,-3,10,4,1407.39,2,2,2,2,-3,0,-3,2,2,2,1,1,-3,3,0,1,1
5,-3,0,0,1,0,-3,1,1,-3,5,5,1,-3,-3,1,0,0,0,1,4,23,1,1,235.92,3,3,3,3,1,0,3,2,2,2,1,1,-3,1,0,1,1
35,-3,0,0,10,0,-3,2,1,-3,5,5,1,-3,-3,1,0,0,0,3,-3,-3,10,4,1669.47,2,2,2,2,-3,0,-3,2,2,2,1,1,-3,3,0,1,1
66,3,37,36,11,400,-3,2,13,11,5,5,2,1,-3,2,0,0,0,6,-3,-3,11,5,1212.48,-3,-3,-3,1,-3,2,-3,2,2,2,1,1,-3,3,52,2,1
47,-3,0,0,10,0,-3,2,1,-3,5,5,2,-3,-3,4,0,0,0,3,-3,-3,11,5,3745.71,-3,-3,-3,1,-3,0,-3,2,2,2,1,1,-3,3,0,2,1
36,3,33,34,10,0,-3,2,10,9,5,5,2,1,-3,1,0,0,0,3,5,44,11,5,1812.0,4,3,3,3,1,3,-3,2,2,2,1,1,-3,3,48,1,1
37,3,23,26,10,0,-3,2,8,6,5,5,2,-3,-3,2,2829,0,0,3,-3,-3,11,5,1027.68,-3,-3,-3,1,-3,6,-3,2,2,2,1,1,-3,3,52,2,1
42,3,44,10,14,0,-3,2,3,2,5,5,1,-3,-3,1,0,0,0,3,-3,-3,10,4,2635.89,2,2,2,2,-3,6,-3,2,2,2,1,1,-3,3,52,1,1
42,-3,0,0,10,0,-3,2,1,-3,5,3,1,-3,-3,4,0,0,0,3,-3,-3,10,4,1293.12,-3,-3,-3,1,-3,0,-3,-3,-3,2,1,1,-3,3,0,2,1
1,-3,0,0,1,0,-3,1,1,-3,5,5,2,-3,-3,1,0,0,0,1,-3,-3,4,2,1558.21,2,2,2,2,-3,0,3,2,2,2,1,1,-3,1,0,1,1
72,-3,0,0,14,0,-3,2,1,-3,5,5,1,-3,-3,1,0,0,50,6,-3,-3,10,4,1841.65,2,2,2,2,-3,0,-3,2,2,2,1,1,-3,3,0,1,1
42,5,37,2,11,0,-3,2,13,13,5,5,2,-3,-3,2,0,0,0,3,-3,-3,11,5,949.12,-3,-3,-3,1,-3,2,-3,2,2,2,1,1,-3,3,52,2,2
61,3,36,27,10,0,-3,4,12,14,2,5,1,-3,-3,2,0,0,0,4,-3,-3,18,5,869.67,-3,-3,-3,1,-3,1,-3,2,2,2,1,1,1,2,9,2,1
41,3,12,35,13,0,-3,2,7,9,5,5,1,-3,-3,1,0,0,0,3,-3,-3,10,4,1095.21,2,2,2,2,-3,1,-3,2,2,2,1,3,-3,3,24,1,1
90,-3,0,0,5,0,-3,6,1,-3,5,5,1,-3,-3,1,0,0,0,1,-3,-3,11,5,3666.39,2,2,2,2,-3,0,-3,2,2,2,1,1,-3,3,0,1,1
39,3,32,16,14,0,-3,2,9,5,5,5,2,-3,-3,1,3464,0,0,3,-3,-3,11,5,1322.1,2,2,2,2,-3,4,-3,2,2,2,1,1,-3,3,52,1,1
49,5,24,2,14,0,-3,5,8,13,5,5,1,-3,-3,2,0,1719,0,4,-3,-3,18,5,946.47,-3,-3,-3,1,-3,1,-3,2,2,2,1,1,-3,3,50,2,1
25,3,4,34,10,0,-3,3,15,9,5,5,2,-3,-3,2,0,0,0,4,-3,-3,32,8,3504.66,-3,-3,-3,1,-3,2,-3,2,2,2,1,1,-3,3,10,2,1
47,3,31,33,9,0,-3,2,19,9,5,5,2,-3,-3,2,0,0,0,3,-3,-3,11,5,1274.84,-3,-3,-3,1,-3,6,-3,2,2,2,1,1,-3,3,52,2,2
6,-3,0,0,1,0,-3,1,1,-3,3,5,1,-3,-3,1,0,0,0,1,-3,-3,1,1,1508.23,-3,-3,-3,1,-3,0,1,31,2,2,1,1,-3,1,0,2,1
0,-3,0,0,1,0,-3,1,1,-3,5,5,2,-3,-3,1,0,0,0,1,-3,-3,1,1,1475.95,-3,-3,-3,1,-3,0,1,2,2,2,1,1,-3,1,0,1,1
36,5,33,2,11,0,-3,2,10,13,5,5,2,-3,-3,2,5178,0,0,3,-3,-3,11,5,771.46,-3,-3,-3,1,-3,1,-3,2,2,2,1,2,-3,3,52,2,1
33,3,30,33,12,0,-3,4,21,9,5,5,2,-3,-3,1,0,2444,10000,4,5,20,18,5,1864.18,3,3,3,3,1,6,-3,2,2,2,1,1,-3,3,52,1,2
10,-3,0,0,1,0,-3,1,1,-3,5,2,2,-3,-3,1,0,0,0,1,-3,-3,1,1,2025.19,-3,-3,-3,1,-3,0,1,2,2,2,1,1,-3,1,0,2,1
27,4,33,16,14,0,-3,1,10,5,5,5,2,-3,-3,1,0,0,0,4,3,-3,6,3,2339.89,3,3,3,3,1,1,-3,2,2,2,1,1,-3,3,52,1,1
57,-3,0,0,5,0,-3,2,1,-3,5,8,1,-3,-3,1,0,0,0,3,-3,-3,10,4,1133.65,2,2,2,2,-3,0,-3,6,6,6,2,1,-3,3,0,1,1
50,3,41,13,14,0,-3,2,22,10,3,5,1,-3,-3,2,0,0,0,3,-3,-3,11,5,2488.48,-3,-3,-3,1,-3,6,-3,12,12,12,5,1,-3,3,52,2,1
12,-3,0,0,1,0,-3,1,1,-3,5,5,2,-3,-3,1,0,0,0,1,-3,-3,1,1,3230.85,-3,-3,-3,1,-3,0,3,2,2,2,1,1,-3,1,0,2,1
51,3,32,18,11,0,-3,2,9,5,5,5,2,-3,-3,2,0,0,0,3,-3,-3,11,5,1060.36,-3,-3,-3,1,-3,4,-3,2,2,2,1,1,-3,3,52,2,1
10,-3,0,0,1,0,-3,1,1,-3,5,2,2,-3,-3,1,0,0,0,1,-3,-3,1,1,1922.65,-3,-3,-3,1,-3,0,1,2,1,2,1,1,-3,1,0,2,1
48,6,43,9,11,0,-3,2,5,2,5,5,2,-3,-3,2,0,0,0,3,-3,-3,11,5,290.55,-3,-3,-3,1,-3,6,-3,2,2,2,1,3,-3,3,52,2,1
27,3,33,16,11,0,-3,1,10,5,5,5,2,-3,-3,2,0,0,275,4,-3,-3,18,5,296.82,-3,-3,-3,1,-3,6,-3,2,2,2,1,1,-3,3,52,2,1
24,-3,0,0,10,0,-3,2,1,-3,4,5,2,-3,-3,1,0,0,0,3,-3,-3,11,5,1027.88,-3,-3,-3,1,-3,6,-3,2,2,2,1,1,-3,3,52,2,1
17,-3,0,0,5,0,1,1,1,-3,5,5,2,-3,-3,1,0,0,0,1,-3,-3,1,1,1709.61,2,2,2,2,-3,0,1,2,2,2,1,1,-3,3,0,1,1
58,4,35,17,15,0,-3,2,11,5,5,5,1,-3,-3,2,0,0,0,3,-3,-3,11,5,1983.08,-3,-3,-3,1,-3,1,-3,2,2,2,1,1,-3,3,52,2,2
2,-3,0,0,1,0,-3,1,1,-3,4,5,1,-3,-3,1,0,0,0,1,-3,-3,1,1,1526.66,2,2,2,2,-3,0,3,2,2,2,1,1,-3,1,0,1,1
53,3,4,34,7,0,-3,2,15,9,5,5,2,-3,-3,2,0,0,0,3,-3,-3,11,5,1715.28,-3,-3,-3,1,-3,1,-3,2,2,2,1,1,-3,3,45,2,1
33,3,45,23,14,0,-3,1,17,6,4,5,1,-3,-3,2,0,0,0,4,-3,-3,18,5,1394.5,-3,-3,-3,1,-3,6,-3,2,2,2,1,1,-3,3,52,2,1
7,-3,0,0,1,0,-3,1,1,-3,5,5,2,-3,-3,1,0,0,0,1,2,48,1,1,1905.05,8,3,3,3,1,0,1,20,2,2,1,1,-3,1,0,1,1
40,3,19,42,4,0,-3,2,8,8,5,1,1,-3,-3,1,0,0,0,3,-3,-3,10,4,1265.91,2,2,2,2,-3,3,-3,1,1,1,2,1,-3,3,43,1,1
25,3,33,29,10,0,-3,1,10,3,5,5,1,-3,-3,1,0,0,0,5,-3,-3,27,8,765.19,2,2,2,2,-3,3,-3,2,2,2,1,1,-3,3,4,1,1
8,-3,0,0,1,0,-3,1,1,-3,1,5,1,-3,-3,1,0,0,0,1,-3,-3,5,2,684.0,-3,-3,-3,1,-3,0,2,-3,-3,-3,2,1,-3,1,0,2,1
54,-3,0,0,10,0,-3,2,1,-3,3,5,2,-3,-3,4,0,0,0,1,-3,-3,11,5,3039.6,-3,-3,-3,1,-3,0,-3,24,24,24,2,1,-3,3,0,2,2
22,3,34,26,10,0,-3,2,11,6,5,5,1,-3,-3,1,0,0,0,3,-3,-3,10,4,1174.34,2,2,2,2,-3,3,-3,2,2,2,1,1,-3,3,52,1,1
29,-3,0,0,11,0,-3,2,1,-3,4,5,2,-3,-3,1,0,0,0,3,-3,-3,11,5,2901.42,-3,-3,-3,1,-3,6,-3,2,2,2,1,1,-3,3,52,2,1
9,-3,0,0,1,0,-3,1,1,-3,5,5,2,-3,-3,1,0,0,0,1,-3,-3,1,1,1039.2,-3,-3,-3,1,-3,0,3,2,2,2,1,1,-3,1,0,2,1
85,-3,0,0,10,0,-3,1,1,-3,5,5,1,-3,-3,4,0,0,0,4,-3,-3,11,5,1339.37,-3,-3,-3,1,-3,0,-3,-3,-3,-3,5,1,-3,3,0,2,1
40,3,29,17,10,0,-3,2,18,5,5,5,2,-3,-3,1,0,0,0,3,-3,-3,11,5,2917.4,2,2,2,2,-3,3,-3,2,2,2,1,1,-3,3,52,1,1
38,-3,0,0,2,0,-3,1,1,-3,5,5,1,-3,-3,1,0,0,0,1,-3,-3,23,8,2243.77,2,2,2,2,-3,0,-3,2,2,2,1,1,-3,3,0,1,1
7,-3,0,0,1,0,-3,1,1,-3,5,5,2,-3,-3,1,0,0,0,1,-3,-3,1,1,2882.4,2,2,2,2,-3,0,1,2,2,2,1,1,-3,1,0,1,1
49,6,29,26,8,0,-3,2,18,6,5,2,2,-3,-3,1,0,0,0,3,-3,-3,11,5,958.8,2,2,2,2,-3,6,-3,2,2,2,1,1,-3,3,52,1,1
76,3,43,2,17,0,-3,2,5,13,5,5,2,-3,-3,1,0,0,11744,6,-3,-3,10,4,1897.64,2,2,2,2,-3,6,-3,-3,-3,2,1,1,-3,3,26,1,1
7,-3,0,0,1,0,-3,1,1,-3,5,5,1,-3,-3,1,0,0,0,1,-3,-3,1,1,1353.41,-3,-3,-3,1,-3,0,1,2,2,2,1,1,-3,1,0,2,1
21,3,33,3,11,0,2,1,10,13,5,5,2,-3,-3,2,0,0,0,4,-3,-3,23,8,996.16,-3,-3,-3,1,-3,6,-3,2,2,2,1,3,-3,3,52,2,1
52,-3,0,0,5,0,-3,2,1,-3,5,5,2,-3,-3,4,0,0,0,3,-3,-3,11,5,2634.31,-3,-3,-3,1,-3,0,-3,2,2,2,1,1,-3,3,0,2,1
34,7,43,10,14,0,-3,2,5,2,5,5,1,2,-3,1,0,0,0,3,-3,-3,10,4,1152.47,2,2,2,2,-3,6,-3,2,2,2,1,1,-3,3,40,1,1
6,-3,0,0,1,0,-3,1,1,-3,5,5,2,-3,-3,1,0,0,0,1,-3,-3,1,1,1117.33,2,2,2,2,-3,0,1,2,2,2,1,1,-3,1,0,1,1
31,3,5,39,8,0,-3,2,7,12,5,2,1,-3,-3,1,0,0,0,3,-3,-3,10,4,636.85,2,2,2,2,-3,2,-3,2,2,2,1,1,-3,3,50,1,1
74,-3,0,0,10,0,-3,2,1,-3,5,5,2,-3,-3,1,5556,0,0,6,-3,-3,11,5,2730.77,2,2,2,2,-3,0,-3,2,2,2,1,1,-3,3,0,1,1
0,-3,0,0,1,0,-3,1,1,-3,5,2,2,-3,-3,1,0,0,0,1,-3,-3,1,1,1428.97,-3,-3,-3,1,-3,0,1,1,1,2,1,1,-3,1,0,1,1
19,3,39,32,11,0,-3,1,14,3,5,5,1,-3,-3,2,0,0,0,1,-3,-3,23,8,2147.49,-3,-3,-3,1,-3,3,-3,2,2,2,1,1,-3,3,4,2,1
15,-3,0,0,5,0,-3,1,1,-3,5,5,1,-3,-3,1,0,0,0,1,4,23,1,1,215.84,3,3,3,3,1,0,1,2,2,2,1,1,-3,3,0,1,1
4,-3,0,0,1,0,-3,1,1,-3,5,1,1,-3,-3,1,0,0,0,1,-3,-3,1,1,1289.56,-3,-3,-3,1,-3,0,1,1,1,1,2,1,-3,1,0,2,1
24,-3,0,0,14,0,2,1,1,-3,5,5,2,-3,-3,1,0,0,0,1,3,41,6,3,1208.48,3,8,9,3,1,0,-3,2,2,2,1,1,-3,3,0,1,1
3,-3,0,0,1,0,-3,1,1,-3,5,5,2,-3,-3,1,0,0,0,1,-3,-3,1,1,454.07,-3,-3,-3,1,-3,0,3,2,2,2,1,1,-3,1,0,2,1
8,-3,0,0,1,0,-3,1,1,-3,5,2,1,-3,-3,1,0,0,0,1,-3,-3,1,1,2887.5,-3,-3,-3,1,-3,0,1,1,1,2,1,1,-3,1,0,2,1
43,3,34,2,11,0,-3,1,11,13,5,5,1,-3,-3,1,0,0,0,4,-3,-3,18,5,1103.79,2,2,2,2,-3,6,-3,2,2,2,1,1,-3,3,52,1,1
72,-3,0,0,8,0,-3,2,1,-3,4,5,2,-3,-3,1,0,0,0,1,-3,-3,11,5,573.79,2,2,2,2,-3,0,-3,2,2,2,1,1,-3,3,0,1,1
68,-3,0,0,14,0,-3,2,1,-3,5,5,2,-3,-3,4,0,0,3095,6,-3,-3,11,5,1516.05,-3,-3,-3,1,-3,0,-3,2,2,2,1,1,-3,3,0,2,1
39,4,4,34,6,0,-3,2,15,9,5,6,2,-3,5,1,0,0,0,3,-3,-3,11,5,1282.49,2,2,2,2,-3,1,-3,4,4,4,5,1,-3,3,52,1,1
36,3,11,23,10,0,-3,2,7,6,5,5,1,-3,-3,1,0,0,0,3,-3,-3,10,4,2700.08,2,2,2,2,-3,4,-3,2,2,2,1,1,-3,3,52,1,1
4,-3,0,0,1,0,-3,1,1,-3,5,1,2,-3,-3,1,0,0,0,1,-3,-3,1,1,1570.8,-3,-3,-3,1,-3,0,1,1,1,2,1,1,-3,1,0,2,1
38,3,39,31,3,0,-3,1,14,3,5,4,1,-3,-3,1,0,0,0,5,-3,-3,11,5,272.14,2,2,2,2,-3,3,-3,15,15,15,5,3,-3,3,20,1,1
71,-3,0,0,11,0,-3,2,1,-3,5,5,2,-3,-3,4,0,1421,0,6,-3,-3,11,5,2172.64,-3,-3,-3,1,-3,0,-3,2,2,2,1,1,-3,3,0,2,1
49,3,4,2,10,0,-3,5,15,13,5,5,2,-3,-3,1,0,0,0,4,5,37,18,5,803.77,3,3,3,3,1,3,-3,2,20,2,1,2,-3,3,52,1,1
2,-3,0,0,1,0,-3,1,1,-3,5,5,2,-3,-3,1,0,0,0,1,-3,-3,1,1,709.9,2,2,2,2,-3,0,1,2,2,2,1,1,-3,1,0,1,1
45,5,45,11,15,0,-3,2,17,2,5,5,1,-3,-3,2,0,0,0,3,-3,-3,10,4,3497.86,-3,-3,-3,1,-3,3,-3,13,17,13,5,1,-3,3,52,2,2
5,-3,0,0,1,0,-3,1,1,-3,5,2,2,-3,-3,1,0,0,0,1,-3,-3,1,1,1905.6,-3,-3,-3,1,-3,0,1,1,11,2,1,1,-3,1,0,2,1
33,3,39,29,13,0,-3,1,14,3,5,5,2,-3,-3,1,0,0,0,4,-3,-3,18,5,2117.38,2,2,2,2,-3,6,-3,40,40,40,2,3,-3,3,52,1,1
15,1,0,0,7,0,-3,1,1,-3,5,2,2,-3,3,1,0,0,0,4,-3,-3,1,1,2288.5,2,2,2,2,-3,6,1,1,1,2,1,1,-3,3,6,1,1
62,4,29,2,10,0,-3,6,18,13,5,5,1,-3,-3,7,0,0,0,4,-3,-3,18,5,359.51,-3,-3,-3,1,-3,1,-3,2,2,2,1,1,-3,3,52,2,1
18,-3,0,0,11,0,2,1,1,-3,5,5,1,-3,-3,1,0,0,0,1,-3,-3,23,8,1680.95,2,2,2,2,-3,1,-3,2,2,2,1,1,-3,3,12,1,1
23,3,33,3,14,0,-3,1,10,13,5,5,1,-3,-3,2,0,0,0,4,-3,-3,23,8,1782.93,-3,-3,-3,1,-3,4,-3,2,2,2,1,1,-3,3,52,2,1
21,-3,0,0,11,0,2,1,1,-3,3,5,2,-3,-3,1,0,0,0,1,-3,-3,18,5,1989.51,2,2,2,2,-3,0,-3,-3,-3,-3,2,1,-3,3,0,1,1
36,3,9,36,10,0,-3,2,7,11,5,5,2,-3,-3,1,0,0,0,3,-3,-3,11,5,2941.28,2,2,2,2,-3,5,-3,2,2,2,1,1,-3,3,52,1,1
3,-3,0,0,1,0,-3,1,1,-3,5,5,1,-3,-3,1,0,0,0,1,-3,-3,1,1,2379.74,2,2,2,2,-3,0,1,2,2,2,1,1,-3,1,0,1,1
28,3,42,30,8,0,-3,5,16,3,5,5,2,-3,-3,2,0,0,0,4,-3,-3,6,3,3713.29,-3,-3,-3,1,-3,5,-3,2,2,2,1,1,-3,3,52,2,1
84,-3,0,0,10,0,-3,5,1,-3,5,5,1,-3,-3,1,0,0,0,4,-3,-3,18,5,2784.47,2,2,2,2,-3,0,-3,2,2,2,1,1,-3,3,0,1,1
69,-3,0,0,7,0,-3,5,1,-3,5,5,2,-3,-3,4,0,0,0,4,-3,-3,18,5,2176.86,-3,-3,-3,1,-3,0,-3,2,2,2,1,1,-3,3,0,2,1
58,7,43,32,10,0,-3,2,5,3,5,5,1,-3,-3,2,0,0,0,2,-3,-3,10,4,1578.2,-3,-3,-3,1,-3,6,-3,2,2,2,1,1,-3,3,52,2,1
38,-3,0,0,10,0,-3,5,1,-3,5,5,1,-3,-3,4,0,0,0,1,-3,-3,11,5,1701.24,-3,-3,-3,1,-3,0,-3,2,2,2,1,1,-3,3,0,2,1
75,-3,0,0,15,0,-3,6,1,-3,5,5,1,-3,-3,1,0,0,800,4,-3,-3,18,5,3392.61,2,2,2,2,-3,0,-3,2,-3,2,1,1,-3,3,0,1,1
27,-3,0,0,6,0,-3,2,1,-3,5,5,1,-3,-3,1,0,0,0,3,-3,-3,10,4,1620.12,2,2,2,2,-3,0,-3,2,2,2,1,1,-3,3,0,1,1
25,4,4,34,10,0,-3,1,15,9,4,5,2,-3,-3,1,0,0,0,1,-3,-3,18,5,1427.41,2,2,2,2,-3,0,-3,2,2,2,1,1,-3,3,0,1,1
48,4,45,11,15,0,-3,2,17,2,5,5,2,-3,-3,2,0,0,0,3,-3,-3,11,5,3031.74,-3,-3,-3,1,-3,1,-3,2,2,2,1,1,-3,3,49,2,1
44,3,40,12,14,0,-3,2,2,2,5,5,1,-3,-3,3,0,0,0,3,-3,-3,10,4,1712.56,-3,-3,-3,1,-3,1,-3,2,2,2,1,1,-3,3,51,2,1
17,-3,0,0,8,0,1,1,1,-3,5,5,1,-3,-3,1,0,0,0,1,-3,-3,1,1,3659.03,2,2,2,2,-3,0,1,22,7,7,4,1,-3,3,0,1,1
45,3,34,3,11,0,-3,5,11,13,5,1,1,-3,-3,1,0,0,16,5,-3,-3,11,5,472.36,2,2,2,2,-3,3,-3,2,1,1,4,1,-3,3,52,1,1
25,-3,0,0,11,0,-3,1,1,-3,5,1,2,-3,-3,1,0,0,0,1,-3,-3,23,8,1862.94,-3,-3,-3,1,-3,0,-3,1,1,1,2,1,-3,3,0,2,1
54,6,43,26,11,0,-3,2,5,6,5,5,1,-3,-3,2,0,0,0,3,-3,-3,10,4,1356.9,-3,-3,-3,1,-3,6,-3,2,2,2,1,1,-3,3,52,2,1
30,4,37,23,10,0,-3,2,13,6,5,1,1,-3,-3,1,0,0,0,3,-3,-3,34,8,2111.71,2,2,2,2,-3,1,-3,1,1,1,5,1,-3,3,52,1,1
23,6,43,23,12,450,2,7,5,6,5,5,1,1,-3,1,0,0,0,3,5,21,11,5,263.45,4,4,4,3,1,1,-3,2,2,2,1,3,-3,3,48,1,1
37,3,29,38,10,0,-3,2,18,12,5,5,2,-3,-3,1,0,0,4,3,-3,-3,11,5,1712.85,2,2,2,2,-3,6,-3,2,2,2,1,1,-3,3,52,1,1
59,6,4,2,11,0,-3,2,15,13,5,5,2,1,-3,1,0,0,70,3,-3,-3,11,5,1142.73,2,2,2,2,-3,6,-3,2,2,2,1,1,-3,3,52,1,1
45,4,40,12,14,0,-3,1,2,2,5,5,2,-3,-3,1,0,0,0,4,-3,-3,6,3,3956.64,2,2,2,2,-3,1,-3,2,2,2,1,1,-3,3,52,1,1
43,3,43,10,14,0,-3,2,5,2,5,5,1,-3,-3,2,0,0,100,3,-3,-3,10,4,2911.67,-3,-3,-3,1,-3,2,-3,2,2,2,1,3,-3,3,52,2,1
28,3,9,3,10,0,-3,1,7,13,5,5,1,-3,-3,2,0,0,0,4,-3,-3,18,5,2719.46,-3,-3,-3,1,-3,3,-3,2,2,2,1,3,-3,3,52,2,1
41,6,29,32,11,0,-3,1,18,3,2,5,2,-3,-3,2,0,0,33000,4,-3,-3,23,8,294.83,-3,-3,-3,1,-3,6,-3,2,2,2,1,1,-3,3,52,2,2
37,3,37,30,15,0,-3,2,13,3,5,5,1,1,-3,1,0,0,0,3,-3,-3,11,5,1117.98,2,2,2,2,-3,4,-3,2,2,2,1,3,-3,3,40,1,1
28,3,33,3,11,650,-3,2,10,13,5,5,2,1,-3,1,0,0,0,3,-3,-3,10,4,1813.28,2,2,2,2,-3,2,-3,2,2,2,1,1,-3,3,52,1,1
18,3,33,19,8,475,1,1,10,5,5,5,2,1,-3,2,0,0,0,4,-3,-3,23,8,2170.36,-3,-3,-3,1,-3,2,-3,2,2,2,1,3,-3,3,50,2,1
2,-3,0,0,1,0,-3,1,1,-3,4,5,2,-3,-3,1,0,0,0,1,-3,-3,1,1,4450.41,-3,-3,-3,1,-3,0,3,2,2,2,1,1,-3,1,0,2,1
60,-3,0,0,10,0,-3,2,1,-3,5,5,2,-3,-3,1,0,0,0,3,-3,-3,11,5,2420.38,2,2,2,2,-3,0,-3,2,2,2,1,1,-3,3,0,1,1
49,-3,0,0,10,0,-3,5,1,-3,5,5,1,-3,-3,1,0,0,0,4,-3,-3,18,5,2275.31,2,2,2,2,-3,1,-3,2,2,2,1,1,-3,3,52,1,1
32,-3,0,0,10,0,-3,2,1,-3,5,5,1,-3,-3,4,0,0,0,3,-3,-3,10,4,1027.68,-3,-3,-3,1,-3,0,-3,2,2,2,1,1,-3,3,0,2,1
26,3,33,29,12,0,-3,1,10,3,5,5,1,1,-3,2,0,0,0,4,-3,-3,6,3,1895.67,-3,-3,-3,1,-3,6,-3,2,2,2,1,1,-3,3,52,2,1
72,3,37,20,11,0,-3,2,13,5,5,5,2,-3,-3,2,0,0,0,2,-3,-3,11,5,1026.07,-3,-3,-3,1,-3,6,-3,34,34,2,1,1,1,2,40,2,1
22,3,32,2,11,0,2,1,9,13,5,4,2,-3,-3,2,0,0,0,4,-3,-3,23,8,1928.3,-3,-3,-3,1,-3,3,-3,11,11,11,2,1,-3,3,52,2,1
24,3,6,23,12,1100,-3,1,7,6,5,5,1,1,-3,1,0,0,0,4,-3,-3,23,8,2226.61,2,2,2,2,-3,6,-3,34,34,2,1,1,-3,3,52,1,1
81,-3,0,0,10,0,-3,2,1,-3,5,5,1,-3,-3,1,0,0,0,6,-3,-3,10,4,1056.14,2,2,2,2,-3,0,-3,2,2,2,1,1,-3,3,0,1,1
16,3,37,26,6,0,1,1,13,6,5,5,2,-3,-3,4,0,0,0,1,-3,-3,1,1,2078.57,-3,-3,-3,1,-3,1,1,2,2,2,1,1,-3,3,1,2,1
2,-3,0,0,1,0,-3,1,1,-3,5,5,2,-3,-3,1,0,0,0,1,-3,-3,1,1,1753.4,-3,-3,-3,1,-3,0,1,34,2,2,1,1,-3,1,0,2,1
28,8,43,7,15,0,-3,1,5,2,5,5,2,2,-3,1,0,0,0,4,2,2,6,3,3395.58,3,3,3,3,2,3,-3,2,2,2,1,3,-3,3,52,1,1
38,3,18,26,10,0,-3,2,7,6,1,4,1,-3,-3,2,7298,0,0,3,-3,-3,11,5,516.39,-3,-3,-3,1,-3,4,-3,10,10,10,2,1,-3,3,52,2,1
64,-3,0,0,12,0,-3,5,1,-3,5,5,2,-3,-3,4,0,0,0,1,-3,-3,18,5,1477.3,-3,-3,-3,1,-3,0,-3,20,20,20,5,1,-3,3,0,2,1
37,3,34,26,12,560,-3,2,11,6,5,5,1,1,-3,2,0,0,0,3,-3,-3,10,4,3434.13,-3,-3,-3,1,-3,4,-3,20,20,2,1,1,-3,3,52,2,1
43,8,50,21,10,0,-3,2,6,6,5,5,1,-3,-3,1,0,0,0,3,-3,-3,10,4,1589.4,2,2,2,2,-3,3,-3,2,2,2,1,1,-3,3,52,1,1
5,-3,0,0,1,0,-3,1,1,-3,5,5,2,-3,-3,1,0,0,0,1,-3,-3,1,1,1651.53,-3,-3,-3,1,-3,0,1,2,2,2,1,1,-3,1,0,2,1
46,3,9,37,10,0,-3,2,7,11,5,5,1,-3,-3,2,0,0,4,3,-3,-3,11,5,1929.24,-3,-3,-3,1,-3,6,-3,2,2,2,1,1,-3,3,52,2,1
34,3,36,27,10,0,-3,5,12,14,5,2,1,-3,1,1,0,0,0,4,4,33,6,3,1329.22,3,3,3,3,1,4,-3,2,2,2,1,1,-3,3,52,1,1
27,3,34,26,11,0,-3,2,11,6,5,2,1,-3,-3,1,0,0,7,3,-3,-3,10,4,1972.62,2,2,2,2,-3,6,-3,1,1,1,2,1,-3,3,52,1,1
60,4,33,16,10,0,-3,2,10,5,5,5,1,-3,-3,2,0,0,0,3,-3,-3,10,4,1373.15,-3,-3,-3,1,-3,6,-3,2,2,2,1,2,-3,3,51,2,1
29,3,37,19,11,0,-3,1,13,5,4,5,2,-3,-3,2,0,0,0,5,-3,-3,27,8,4458.53,-3,-3,-3,1,-3,6,-3,2,2,2,1,1,-3,3,52,2,1
76,-3,0,0,10,0,-3,6,1,-3,5,5,1,-3,-3,1,0,0,2100,4,-3,-3,18,5,1037.25,2,2,2,2,-3,0,-3,2,2,2,1,1,-3,3,0,1,1
73,-3,0,0,11,0,-3,2,1,-3,5,5,2,-3,-3,4,0,0,0,6,-3,-3,11,5,2991.05,-3,-3,-3,1,-3,0,-3,2,2,2,1,1,-3,3,0,2,1
13,-3,0,0,1,0,-3,1,1,-3,5,5,1,-3,-3,1,0,0,0,1,-3,-3,1,1,2779.4,2,2,2,2,-3,0,3,2,2,2,1,1,-3,1,0,1,1
50,-3,0,0,5,0,-3,2,1,-3,5,5,1,-3,-3,4,0,0,0,1,-3,-3,10,4,1425.26,-3,-3,-3,1,-3,0,-3,2,2,2,1,1,-3,3,0,2,1
35,3,33,16,14,0,-3,2,10,5,5,5,2,-3,-3,1,15024,0,0,3,-3,-3,11,5,824.91,2,2,2,2,-3,4,-3,2,2,2,1,1,-3,3,52,1,2
44,7,43,12,16,0,-3,2,5,2,5,5,1,-3,-3,1,0,0,0,3,-3,-3,10,4,1643.75,2,2,2,2,-3,6,-3,2,2,2,1,1,-3,3,52,1,1
33,3,34,23,10,0,-3,2,11,6,5,5,1,1,-3,1,0,0,0,3,-3,-3,10,4,289.6,2,2,2,2,-3,2,-3,2,2,2,1,1,-3,3,52,1,1
41,3,32,18,12,0,-3,2,9,5,5,5,2,-3,-3,1,0,0,0,3,-3,-3,11,5,1858.26,2,2,2,2,-3,3,-3,2,2,2,1,1,-3,3,52,1,1
42,3,33,37,10,450,-3,2,10,11,5,5,1,1,-3,2,0,0,0,3,-3,-3,10,4,2282.57,-3,-3,-3,1,-3,4,-3,2,2,2,1,1,-3,3,20,2,1
15,-3,0,0,8,0,-3,1,1,-3,5,5,1,-3,-3,4,0,0,0,1,-3,-3,2,2,1078.51,-3,-3,-3,1,-3,0,1,2,2,2,1,1,-3,3,0,2,1
25,-3,0,0,3,0,-3,1,1,-3,5,1,1,-3,-3,4,0,0,0,4,-3,-3,23,8,2426.74,-3,-3,-3,1,-3,3,-3,1,1,1,2,1,-3,3,8,2,1
36,3,35,11,15,0,-3,2,11,2,4,5,1,-3,-3,7,0,0,1000,3,-3,-3,10,4,2657.58,-3,-3,-3,1,-3,6,-3,2,2,2,1,1,-3,3,52,2,2
34,3,2,44,12,0,-3,5,4,4,5,5,2,-3,-3,2,0,0,0,5,-3,-3,11,5,384.2,-3,-3,-3,1,-3,2,-3,2,2,2,1,1,-3,3,52,2,1
41,4,45,11,17,0,-3,1,17,2,5,5,2,-3,-3,1,0,0,0,4,-3,-3,18,5,453.68,2,2,2,2,-3,1,-3,2,2,2,1,1,-3,3,52,1,1
43,-3,0,0,10,0,-3,2,1,-3,5,5,2,-3,-3,1,0,0,0,1,6,11,11,5,1990.24,7,6,6,3,1,0,-3,-3,-3,-3,2,1,-3,3,0,1,1
43,7,43,30,12,0,-3,2,5,3,5,5,1,-3,-3,2,0,0,0,3,-3,-3,10,4,1005.69,-3,-3,-3,1,-3,5,-3,2,2,2,1,1,-3,3,52,2,1
65,-3,0,0,12,0,-3,2,1,-3,5,5,1,-3,-3,1,0,0,0,6,-3,-3,10,4,703.36,2,2,2,2,-3,2,-3,2,2,2,1,1,-3,3,52,1,1
11,-3,0,0,1,0,-3,1,1,-3,3,5,1,-3,-3,1,0,0,0,1,-3,-3,1,1,856.52,-3,-3,-3,1,-3,0,1,24,24,24,2,1,-3,1,0,2,1
31,3,1,44,10,0,-3,1,4,4,5,5,2,-3,-3,1,0,0,0,4,-3,-3,11,5,2419.92,2,2,2,2,-3,1,-3,2,2,2,1,1,-3,3,52,1,1
43,3,41,8,13,1850,-3,2,22,2,5,5,1,1,-3,2,0,0,0,3,-3,-3,10,4,3036.87,-3,-3,-3,1,-3,4,-3,2,2,2,1,1,-3,3,52,2,1
47,8,50,3,14,0,-3,2,6,13,1,4,2,-3,-3,1,0,0,0,3,-3,-3,11,5,2435.08,2,2,2,2,-3,1,-3,34,9,9,5,1,-3,3,52,1,1
